pok_id,pok_num,pok_nom,pok_img,pok_tipo,pok_imgL,pok_imgA,pok_altura,pok_peso
1,001,Bulbasaur,http://www.serebii.net/pokemongo/pokemon/001.png,Grass,https://img.pokemondb.net/artwork/bulbasaur.jpg,https://img.pokemondb.net/sprites/black-white/anim/normal/bulbasaur.gif,0.71 m,6.9 kg
2,002,Ivysaur,http://www.serebii.net/pokemongo/pokemon/002.png,Grass,https://img.pokemondb.net/artwork/ivysaur.jpg,https://img.pokemondb.net/sprites/black-white/anim/normal/ivysaur.gif,0.99 m,13.0 kg
3,003,Venusaur,http://www.serebii.net/pokemongo/pokemon/003.png,Grass,https://img.pokemondb.net/artwork/venusaur.jpg,https://img.pokemondb.net/sprites/black-white/anim/normal/venusaur.gif,2.01 m,100.0 kg
4,004,Charmander,http://www.serebii.net/pokemongo/pokemon/004.png,Fire,https://img.pokemondb.net/artwork/venusaur.jpg,https://img.pokemondb.net/sprites/black-white/anim/normal/charmander.gif,0.61 m,8.5 kg
5,005,Charmeleon,http://www.serebii.net/pokemongo/pokemon/005.png,Fire,https://img.pokemondb.net/artwork/charmander.jpg,https://img.pokemondb.net/sprites/black-white/anim/normal/charmeleon.gif,1.09 m,19.0 kg
6,006,Charizard,http://www.serebii.net/pokemongo/pokemon/006.png,Fire,https://img.pokemondb.net/artwork/charmeleon.jpg,https://img.pokemondb.net/sprites/black-white/anim/normal/charizard.gif,1.70 m,90.5 kg
7,007,Squirtle,http://www.serebii.net/pokemongo/pokemon/007.png,Water,https://img.pokemondb.net/artwork/charizard.jpg,https://img.pokemondb.net/sprites/black-white/anim/normal/squirtle.gif,0.51 m,9.0 kg
8,008,Wartortle,http://www.serebii.net/pokemongo/pokemon/008.png,Water,https://img.pokemondb.net/artwork/charizard.jpg,https://img.pokemondb.net/sprites/black-white/anim/normal/wartortle.gif,0.99 m,22.5 kg
9,009,Blastoise,http://www.serebii.net/pokemongo/pokemon/009.png,Water,https://img.pokemondb.net/artwork/charizard.jpg,https://img.pokemondb.net/sprites/black-white/anim/normal/blastoise.gif,1.60 m,85.5 kg
10,010,Caterpie,http://www.serebii.net/pokemongo/pokemon/010.png,Bug,https://img.pokemondb.net/artwork/squirtle.jpg,https://img.pokemondb.net/sprites/black-white/anim/normal/caterpie.gif,0.30 m,2.9 kg
11,011,Metapod,http://www.serebii.net/pokemongo/pokemon/011.png,Bug,https://img.pokemondb.net/artwork/wartortle.jpg,https://img.pokemondb.net/sprites/black-white/anim/normal/metapod.gif,0.71 m,9.9 kg
12,012,Butterfree,http://www.serebii.net/pokemongo/pokemon/012.png,Bug,https://img.pokemondb.net/artwork/blastoise.jpg,https://img.pokemondb.net/sprites/black-white/anim/normal/butterfree.gif,1.09 m,32.0 kg
13,013,Weedle,http://www.serebii.net/pokemongo/pokemon/013.png,Bug,https://img.pokemondb.net/artwork/blastoise.jpg,https://img.pokemondb.net/sprites/black-white/anim/normal/weedle.gif,0.30 m,3.2 kg
14,014,Kakuna,http://www.serebii.net/pokemongo/pokemon/014.png,Bug,https://img.pokemondb.net/artwork/caterpie.jpg,https://img.pokemondb.net/sprites/black-white/anim/normal/kakuna.gif,0.61 m,10.0 kg
15,015,Beedrill,http://www.serebii.net/pokemongo/pokemon/015.png,Bug,https://img.pokemondb.net/artwork/metapod.jpg,https://img.pokemondb.net/sprites/black-white/anim/normal/beedrill.gif,0.99 m,29.5 kg
16,016,Pidgey,http://www.serebii.net/pokemongo/pokemon/016.png,Normal,https://img.pokemondb.net/artwork/butterfree.jpg,https://img.pokemondb.net/sprites/black-white/anim/normal/pidgey.gif,0.30 m,1.8 kg
17,017,Pidgeotto,http://www.serebii.net/pokemongo/pokemon/017.png,Normal,https://img.pokemondb.net/artwork/weedle.jpg,https://img.pokemondb.net/sprites/black-white/anim/normal/pidgeotto.gif,1.09 m,30.0 kg
18,018,Pidgeot,http://www.serebii.net/pokemongo/pokemon/018.png,Normal,https://img.pokemondb.net/artwork/kakuna.jpg,https://img.pokemondb.net/sprites/black-white/anim/normal/pidgeot.gif,1.50 m,39.5 kg
19,019,Rattata,http://www.serebii.net/pokemongo/pokemon/019.png,Normal,https://img.pokemondb.net/artwork/beedrill.jpg,https://img.pokemondb.net/sprites/black-white/anim/normal/rattata.gif,0.30 m,3.5 kg
20,020,Raticate,http://www.serebii.net/pokemongo/pokemon/020.png,Normal,https://img.pokemondb.net/artwork/beedrill.jpg,https://img.pokemondb.net/sprites/black-white/anim/normal/raticate.gif,0.71 m,18.5 kg
21,021,Spearow,http://www.serebii.net/pokemongo/pokemon/021.png,Normal,https://img.pokemondb.net/artwork/pidgey.jpg,https://img.pokemondb.net/sprites/black-white/anim/normal/spearow.gif,0.30 m,2.0 kg
22,022,Fearow,http://www.serebii.net/pokemongo/pokemon/022.png,Normal,https://img.pokemondb.net/artwork/pidgeotto.jpg,https://img.pokemondb.net/sprites/black-white/anim/normal/fearow.gif,1.19 m,38.0 kg
23,023,Ekans,http://www.serebii.net/pokemongo/pokemon/023.png,Poison,https://img.pokemondb.net/artwork/pidgeot.jpg,https://img.pokemondb.net/sprites/black-white/anim/normal/ekans.gif,2.01 m,6.9 kg
24,024,Arbok,http://www.serebii.net/pokemongo/pokemon/024.png,Poison,https://img.pokemondb.net/artwork/pidgeot.jpg,https://img.pokemondb.net/sprites/black-white/anim/normal/arbok.gif,3.51 m,65.0 kg
25,025,Pikachu,http://www.serebii.net/pokemongo/pokemon/025.png,Electric,https://img.pokemondb.net/artwork/rattata.jpg,https://img.pokemondb.net/sprites/black-white/anim/normal/pikachu.gif,0.41 m,6.0 kg
26,026,Raichu,http://www.serebii.net/pokemongo/pokemon/026.png,Electric,https://img.pokemondb.net/artwork/rattata.jpg,https://img.pokemondb.net/sprites/black-white/anim/normal/raichu.gif,0.79 m,30.0 kg
27,027,Sandshrew,http://www.serebii.net/pokemongo/pokemon/027.png,Ground,https://img.pokemondb.net/artwork/raticate.jpg,https://img.pokemondb.net/sprites/black-white/anim/normal/sandshrew.gif,0.61 m,12.0 kg
28,028,Sandslash,http://www.serebii.net/pokemongo/pokemon/028.png,Ground,https://img.pokemondb.net/artwork/raticate.jpg,https://img.pokemondb.net/sprites/black-white/anim/normal/sandslash.gif,0.99 m,29.5 kg
29,029,Nidoran ♀ (Femal,http://www.serebii.net/pokemongo/pokemon/029.png,Poison,https://img.pokemondb.net/artwork/spearow.jpg,https://img.pokemondb.net/sprites/black-white/anim/normal/nidoran♀.g,0.41 m,7.0 kg
30,030,Nidorina,http://www.serebii.net/pokemongo/pokemon/030.png,Poison,https://img.pokemondb.net/artwork/fearow.jpg,https://img.pokemondb.net/sprites/black-white/anim/normal/nidorina.gif,0.79 m,20.0 kg
31,031,Nidoqueen,http://www.serebii.net/pokemongo/pokemon/031.png,Poison,https://img.pokemondb.net/artwork/ekans.jpg,https://img.pokemondb.net/sprites/black-white/anim/normal/nidoqueen.gif,1.30 m,60.0 kg
32,032,Nidoran ♂ (Mal,http://www.serebii.net/pokemongo/pokemon/032.png,Poison,https://img.pokemondb.net/artwork/arbok.jpg,https://img.pokemondb.net/sprites/black-white/anim/normal/nidoran♂.g,0.51 m,9.0 kg
33,033,Nidorino,http://www.serebii.net/pokemongo/pokemon/033.png,Poison,https://img.pokemondb.net/artwork/pikachu.jpg,https://img.pokemondb.net/sprites/black-white/anim/normal/nidorino.gif,0.89 m,19.5 kg
34,034,Nidoking,http://www.serebii.net/pokemongo/pokemon/034.png,Poison,https://img.pokemondb.net/artwork/raichu.jpg,https://img.pokemondb.net/sprites/black-white/anim/normal/nidoking.gif,1.40 m,62.0 kg
35,035,Clefairy,http://www.serebii.net/pokemongo/pokemon/035.png,Normal,https://img.pokemondb.net/artwork/raichu.jpg,https://img.pokemondb.net/sprites/black-white/anim/normal/clefairy.gif,0.61 m,7.5 kg
36,036,Clefable,http://www.serebii.net/pokemongo/pokemon/036.png,Normal,https://img.pokemondb.net/artwork/sandshrew.jpg,https://img.pokemondb.net/sprites/black-white/anim/normal/clefable.gif,1.30 m,40.0 kg
37,037,Vulpix,http://www.serebii.net/pokemongo/pokemon/037.png,Fire,https://img.pokemondb.net/artwork/sandshrew.jpg,https://img.pokemondb.net/sprites/black-white/anim/normal/vulpix.gif,0.61 m,9.9 kg
38,038,Ninetales,http://www.serebii.net/pokemongo/pokemon/038.png,Fire,https://img.pokemondb.net/artwork/sandslash.jpg,https://img.pokemondb.net/sprites/black-white/anim/normal/ninetales.gif,1.09 m,19.9 kg
39,039,Jigglypuff,http://www.serebii.net/pokemongo/pokemon/039.png,Normal,https://img.pokemondb.net/artwork/sandslash.jpg,https://img.pokemondb.net/sprites/black-white/anim/normal/jigglypuff.gif,0.51 m,5.5 kg
40,040,Wigglytuff,http://www.serebii.net/pokemongo/pokemon/040.png,Normal,https://img.pokemondb.net/artwork/nidoran♀.j,https://img.pokemondb.net/sprites/black-white/anim/normal/wigglytuff.gif,0.99 m,12.0 kg
41,041,Zubat,http://www.serebii.net/pokemongo/pokemon/041.png,Poison,https://img.pokemondb.net/artwork/nidorina.jpg,https://img.pokemondb.net/sprites/black-white/anim/normal/zubat.gif,0.79 m,7.5 kg
42,042,Golbat,http://www.serebii.net/pokemongo/pokemon/042.png,Poison,https://img.pokemondb.net/artwork/nidoqueen.jpg,https://img.pokemondb.net/sprites/black-white/anim/normal/golbat.gif,1.60 m,55.0 kg
43,043,Oddish,http://www.serebii.net/pokemongo/pokemon/043.png,Grass,https://img.pokemondb.net/artwork/nidoran♂.j,https://img.pokemondb.net/sprites/black-white/anim/normal/oddish.gif,0.51 m,5.4 kg
44,044,Gloom,http://www.serebii.net/pokemongo/pokemon/044.png,Grass,https://img.pokemondb.net/artwork/nidorino.jpg,https://img.pokemondb.net/sprites/black-white/anim/normal/gloom.gif,0.79 m,8.6 kg
45,045,Vileplume,http://www.serebii.net/pokemongo/pokemon/045.png,Grass,https://img.pokemondb.net/artwork/nidoking.jpg,https://img.pokemondb.net/sprites/black-white/anim/normal/vileplume.gif,1.19 m,18.6 kg
46,046,Paras,http://www.serebii.net/pokemongo/pokemon/046.png,Bug,https://img.pokemondb.net/artwork/clefairy.jpg,https://img.pokemondb.net/sprites/black-white/anim/normal/paras.gif,0.30 m,5.4 kg
47,047,Parasect,http://www.serebii.net/pokemongo/pokemon/047.png,Bug,https://img.pokemondb.net/artwork/clefable.jpg,https://img.pokemondb.net/sprites/black-white/anim/normal/parasect.gif,0.99 m,29.5 kg
48,048,Venonat,http://www.serebii.net/pokemongo/pokemon/048.png,Bug,https://img.pokemondb.net/artwork/vulpix.jpg,https://img.pokemondb.net/sprites/black-white/anim/normal/venonat.gif,0.99 m,30.0 kg
49,049,Venomoth,http://www.serebii.net/pokemongo/pokemon/049.png,Bug,https://img.pokemondb.net/artwork/vulpix.jpg,https://img.pokemondb.net/sprites/black-white/anim/normal/venomoth.gif,1.50 m,12.5 kg
50,050,Diglett,http://www.serebii.net/pokemongo/pokemon/050.png,Ground,https://img.pokemondb.net/artwork/ninetales.jpg,https://img.pokemondb.net/sprites/black-white/anim/normal/diglett.gif,0.20 m,0.8 kg
51,051,Dugtrio,http://www.serebii.net/pokemongo/pokemon/051.png,Ground,https://img.pokemondb.net/artwork/ninetales.jpg,https://img.pokemondb.net/sprites/black-white/anim/normal/dugtrio.gif,0.71 m,33.3 kg
52,052,Meowth,http://www.serebii.net/pokemongo/pokemon/052.png,Normal,https://img.pokemondb.net/artwork/jigglypuff.jpg,https://img.pokemondb.net/sprites/black-white/anim/normal/meowth.gif,0.41 m,4.2 kg
53,053,Persian,http://www.serebii.net/pokemongo/pokemon/053.png,Normal,https://img.pokemondb.net/artwork/wigglytuff.jpg,https://img.pokemondb.net/sprites/black-white/anim/normal/persian.gif,0.99 m,32.0 kg
54,054,Psyduck,http://www.serebii.net/pokemongo/pokemon/054.png,Water,https://img.pokemondb.net/artwork/zubat.jpg,https://img.pokemondb.net/sprites/black-white/anim/normal/psyduck.gif,0.79 m,19.6 kg
55,055,Golduck,http://www.serebii.net/pokemongo/pokemon/055.png,Water,https://img.pokemondb.net/artwork/golbat.jpg,https://img.pokemondb.net/sprites/black-white/anim/normal/golduck.gif,1.70 m,76.6 kg
56,056,Mankey,http://www.serebii.net/pokemongo/pokemon/056.png,Fighting,https://img.pokemondb.net/artwork/oddish.jpg,https://img.pokemondb.net/sprites/black-white/anim/normal/mankey.gif,0.51 m,28.0 kg
57,057,Primeape,http://www.serebii.net/pokemongo/pokemon/057.png,Fighting,https://img.pokemondb.net/artwork/gloom.jpg,https://img.pokemondb.net/sprites/black-white/anim/normal/primeape.gif,0.99 m,32.0 kg
58,058,Growlithe,http://www.serebii.net/pokemongo/pokemon/058.png,Fire,https://img.pokemondb.net/artwork/vileplume.jpg,https://img.pokemondb.net/sprites/black-white/anim/normal/growlithe.gif,0.71 m,19.0 kg
59,059,Arcanine,http://www.serebii.net/pokemongo/pokemon/059.png,Fire,https://img.pokemondb.net/artwork/paras.jpg,https://img.pokemondb.net/sprites/black-white/anim/normal/arcanine.gif,1.91 m,155.0 kg
60,060,Poliwag,http://www.serebii.net/pokemongo/pokemon/060.png,Water,https://img.pokemondb.net/artwork/parasect.jpg,https://img.pokemondb.net/sprites/black-white/anim/normal/poliwag.gif,0.61 m,12.4 kg
61,061,Poliwhirl,http://www.serebii.net/pokemongo/pokemon/061.png,Water,https://img.pokemondb.net/artwork/venonat.jpg,https://img.pokemondb.net/sprites/black-white/anim/normal/poliwhirl.gif,0.99 m,20.0 kg
62,062,Poliwrath,http://www.serebii.net/pokemongo/pokemon/062.png,Water,https://img.pokemondb.net/artwork/venomoth.jpg,https://img.pokemondb.net/sprites/black-white/anim/normal/poliwrath.gif,1.30 m,54.0 kg
63,063,Abra,http://www.serebii.net/pokemongo/pokemon/063.png,Psychic,https://img.pokemondb.net/artwork/diglett.jpg,https://img.pokemondb.net/sprites/black-white/anim/normal/abra.gif,0.89 m,19.5 kg
64,064,Kadabra,http://www.serebii.net/pokemongo/pokemon/064.png,Psychic,https://img.pokemondb.net/artwork/diglett.jpg,https://img.pokemondb.net/sprites/black-white/anim/normal/kadabra.gif,1.30 m,56.5 kg
65,065,Alakazam,http://www.serebii.net/pokemongo/pokemon/065.png,Psychic,https://img.pokemondb.net/artwork/dugtrio.jpg,https://img.pokemondb.net/sprites/black-white/anim/normal/alakazam.gif,1.50 m,48.0 kg
66,066,Machop,http://www.serebii.net/pokemongo/pokemon/066.png,Fighting,https://img.pokemondb.net/artwork/dugtrio.jpg,https://img.pokemondb.net/sprites/black-white/anim/normal/machop.gif,0.79 m,19.5 kg
67,067,Machoke,http://www.serebii.net/pokemongo/pokemon/067.png,Fighting,https://img.pokemondb.net/artwork/meowth.jpg,https://img.pokemondb.net/sprites/black-white/anim/normal/machoke.gif,1.50 m,70.5 kg
68,068,Machamp,http://www.serebii.net/pokemongo/pokemon/068.png,Fighting,https://img.pokemondb.net/artwork/meowth.jpg,https://img.pokemondb.net/sprites/black-white/anim/normal/machamp.gif,1.60 m,130.0 kg
69,069,Bellsprout,http://www.serebii.net/pokemongo/pokemon/069.png,Grass,https://img.pokemondb.net/artwork/persian.jpg,https://img.pokemondb.net/sprites/black-white/anim/normal/bellsprout.gif,0.71 m,4.0 kg
70,070,Weepinbell,http://www.serebii.net/pokemongo/pokemon/070.png,Grass,https://img.pokemondb.net/artwork/persian.jpg,https://img.pokemondb.net/sprites/black-white/anim/normal/weepinbell.gif,0.99 m,6.4 kg
71,071,Victreebel,http://www.serebii.net/pokemongo/pokemon/071.png,Grass,https://img.pokemondb.net/artwork/psyduck.jpg,https://img.pokemondb.net/sprites/black-white/anim/normal/victreebel.gif,1.70 m,15.5 kg
72,072,Tentacool,http://www.serebii.net/pokemongo/pokemon/072.png,Water,https://img.pokemondb.net/artwork/golduck.jpg,https://img.pokemondb.net/sprites/black-white/anim/normal/tentacool.gif,0.89 m,45.5 kg
73,073,Tentacruel,http://www.serebii.net/pokemongo/pokemon/073.png,Water,https://img.pokemondb.net/artwork/mankey.jpg,https://img.pokemondb.net/sprites/black-white/anim/normal/tentacruel.gif,1.60 m,55.0 kg
74,074,Geodude,http://www.serebii.net/pokemongo/pokemon/074.png,Rock,https://img.pokemondb.net/artwork/primeape.jpg,https://img.pokemondb.net/sprites/black-white/anim/normal/geodude.gif,0.41 m,20.0 kg
75,075,Graveler,http://www.serebii.net/pokemongo/pokemon/075.png,Rock,https://img.pokemondb.net/artwork/growlithe.jpg,https://img.pokemondb.net/sprites/black-white/anim/normal/graveler.gif,0.99 m,105.0 kg
76,076,Golem,http://www.serebii.net/pokemongo/pokemon/076.png,Rock,https://img.pokemondb.net/artwork/arcanine.jpg,https://img.pokemondb.net/sprites/black-white/anim/normal/golem.gif,1.40 m,300.0 kg
77,077,Ponyta,http://www.serebii.net/pokemongo/pokemon/077.png,Fire,https://img.pokemondb.net/artwork/poliwag.jpg,https://img.pokemondb.net/sprites/black-white/anim/normal/ponyta.gif,0.99 m,30.0 kg
78,078,Rapidash,http://www.serebii.net/pokemongo/pokemon/078.png,Fire,https://img.pokemondb.net/artwork/poliwhirl.jpg,https://img.pokemondb.net/sprites/black-white/anim/normal/rapidash.gif,1.70 m,95.0 kg
79,079,Slowpoke,http://www.serebii.net/pokemongo/pokemon/079.png,Water,https://img.pokemondb.net/artwork/poliwrath.jpg,https://img.pokemondb.net/sprites/black-white/anim/normal/slowpoke.gif,1.19 m,36.0 kg
80,080,Slowbro,http://www.serebii.net/pokemongo/pokemon/080.png,Water,https://img.pokemondb.net/artwork/abra.jpg,https://img.pokemondb.net/sprites/black-white/anim/normal/slowbro.gif,1.60 m,78.5 kg
81,081,Magnemite,http://www.serebii.net/pokemongo/pokemon/081.png,Electric,https://img.pokemondb.net/artwork/kadabra.jpg,https://img.pokemondb.net/sprites/black-white/anim/normal/magnemite.gif,0.30 m,6.0 kg
82,082,Magneton,http://www.serebii.net/pokemongo/pokemon/082.png,Electric,https://img.pokemondb.net/artwork/alakazam.jpg,https://img.pokemondb.net/sprites/black-white/anim/normal/magneton.gif,0.99 m,60.0 kg
83,083,Farfetch'd,http://www.serebii.net/pokemongo/pokemon/083.png,Normal,https://img.pokemondb.net/artwork/alakazam.jpg,https://img.pokemondb.net/sprites/black-white/anim/normal/farfetch'd.gif,0.79 m,15.0 kg
84,084,Doduo,http://www.serebii.net/pokemongo/pokemon/084.png,Normal,https://img.pokemondb.net/artwork/machop.jpg,https://img.pokemondb.net/sprites/black-white/anim/normal/doduo.gif,1.40 m,39.2 kg
85,085,Dodrio,http://www.serebii.net/pokemongo/pokemon/085.png,Normal,https://img.pokemondb.net/artwork/machoke.jpg,https://img.pokemondb.net/sprites/black-white/anim/normal/dodrio.gif,1.80 m,85.2 kg
86,086,Seel,http://www.serebii.net/pokemongo/pokemon/086.png,Water,https://img.pokemondb.net/artwork/machamp.jpg,https://img.pokemondb.net/sprites/black-white/anim/normal/seel.gif,1.09 m,90.0 kg
87,087,Dewgong,http://www.serebii.net/pokemongo/pokemon/087.png,Water,https://img.pokemondb.net/artwork/bellsprout.jpg,https://img.pokemondb.net/sprites/black-white/anim/normal/dewgong.gif,1.70 m,120.0 kg
88,088,Grimer,http://www.serebii.net/pokemongo/pokemon/088.png,Poison,https://img.pokemondb.net/artwork/weepinbell.jpg,https://img.pokemondb.net/sprites/black-white/anim/normal/grimer.gif,0.89 m,30.0 kg
89,089,Muk,http://www.serebii.net/pokemongo/pokemon/089.png,Poison,https://img.pokemondb.net/artwork/victreebel.jpg,https://img.pokemondb.net/sprites/black-white/anim/normal/muk.gif,1.19 m,30.0 kg
90,090,Shellder,http://www.serebii.net/pokemongo/pokemon/090.png,Water,https://img.pokemondb.net/artwork/tentacool.jpg,https://img.pokemondb.net/sprites/black-white/anim/normal/shellder.gif,0.30 m,4.0 kg
91,091,Cloyster,http://www.serebii.net/pokemongo/pokemon/091.png,Water,https://img.pokemondb.net/artwork/tentacruel.jpg,https://img.pokemondb.net/sprites/black-white/anim/normal/cloyster.gif,1.50 m,132.5 kg
92,092,Gastly,http://www.serebii.net/pokemongo/pokemon/092.png,Ghost,https://img.pokemondb.net/artwork/geodude.jpg,https://img.pokemondb.net/sprites/black-white/anim/normal/gastly.gif,1.30 m,0.1 kg
93,093,Haunter,http://www.serebii.net/pokemongo/pokemon/093.png,Ghost,https://img.pokemondb.net/artwork/geodude.jpg,https://img.pokemondb.net/sprites/black-white/anim/normal/haunter.gif,1.60 m,0.1 kg
94,094,Gengar,http://www.serebii.net/pokemongo/pokemon/094.png,Ghost,https://img.pokemondb.net/artwork/graveler.jpg,https://img.pokemondb.net/sprites/black-white/anim/normal/gengar.gif,1.50 m,40.5 kg
95,095,Onix,http://www.serebii.net/pokemongo/pokemon/095.png,Rock,https://img.pokemondb.net/artwork/graveler.jpg,https://img.pokemondb.net/sprites/black-white/anim/normal/onix.gif,8.79 m,210.0 kg
96,096,Drowzee,http://www.serebii.net/pokemongo/pokemon/096.png,Psychic,https://img.pokemondb.net/artwork/golem.jpg,https://img.pokemondb.net/sprites/black-white/anim/normal/drowzee.gif,0.99 m,32.4 kg
97,097,Hypno,http://www.serebii.net/pokemongo/pokemon/097.png,Psychic,https://img.pokemondb.net/artwork/golem.jpg,https://img.pokemondb.net/sprites/black-white/anim/normal/hypno.gif,1.60 m,75.6 kg
98,098,Krabby,http://www.serebii.net/pokemongo/pokemon/098.png,Water,https://img.pokemondb.net/artwork/ponyta.jpg,https://img.pokemondb.net/sprites/black-white/anim/normal/krabby.gif,0.41 m,6.5 kg
99,099,Kingler,http://www.serebii.net/pokemongo/pokemon/099.png,Water,https://img.pokemondb.net/artwork/rapidash.jpg,https://img.pokemondb.net/sprites/black-white/anim/normal/kingler.gif,1.30 m,60.0 kg
100,100,Voltorb,http://www.serebii.net/pokemongo/pokemon/100.png,Electric,https://img.pokemondb.net/artwork/slowpoke.jpg,https://img.pokemondb.net/sprites/black-white/anim/normal/voltorb.gif,0.51 m,10.4 kg
101,101,Electrode,http://www.serebii.net/pokemongo/pokemon/101.png,Electric,https://img.pokemondb.net/artwork/slowbro.jpg,https://img.pokemondb.net/sprites/black-white/anim/normal/electrode.gif,1.19 m,66.6 kg
102,102,Exeggcute,http://www.serebii.net/pokemongo/pokemon/102.png,Grass,https://img.pokemondb.net/artwork/slowbro.jpg,https://img.pokemondb.net/sprites/black-white/anim/normal/exeggcute.gif,0.41 m,2.5 kg
103,103,Exeggutor,http://www.serebii.net/pokemongo/pokemon/103.png,Grass,https://img.pokemondb.net/artwork/magnemite.jpg,https://img.pokemondb.net/sprites/black-white/anim/normal/exeggutor.gif,2.01 m,120.0 kg
104,104,Cubone,http://www.serebii.net/pokemongo/pokemon/104.png,Ground,https://img.pokemondb.net/artwork/magneton.jpg,https://img.pokemondb.net/sprites/black-white/anim/normal/cubone.gif,0.41 m,6.5 kg
105,105,Marowak,http://www.serebii.net/pokemongo/pokemon/105.png,Ground,https://img.pokemondb.net/artwork/farfetch'd.jpg,https://img.pokemondb.net/sprites/black-white/anim/normal/marowak.gif,0.99 m,45.0 kg
106,106,Hitmonlee,http://www.serebii.net/pokemongo/pokemon/106.png,Fighting,https://img.pokemondb.net/artwork/doduo.jpg,https://img.pokemondb.net/sprites/black-white/anim/normal/hitmonlee.gif,1.50 m,49.8 kg
107,107,Hitmonchan,http://www.serebii.net/pokemongo/pokemon/107.png,Fighting,https://img.pokemondb.net/artwork/dodrio.jpg,https://img.pokemondb.net/sprites/black-white/anim/normal/hitmonchan.gif,1.40 m,50.2 kg
108,108,Lickitung,http://www.serebii.net/pokemongo/pokemon/108.png,Normal,https://img.pokemondb.net/artwork/seel.jpg,https://img.pokemondb.net/sprites/black-white/anim/normal/lickitung.gif,1.19 m,65.5 kg
109,109,Koffing,http://www.serebii.net/pokemongo/pokemon/109.png,Poison,https://img.pokemondb.net/artwork/dewgong.jpg,https://img.pokemondb.net/sprites/black-white/anim/normal/koffing.gif,0.61 m,1.0 kg
110,110,Weezing,http://www.serebii.net/pokemongo/pokemon/110.png,Poison,https://img.pokemondb.net/artwork/grimer.jpg,https://img.pokemondb.net/sprites/black-white/anim/normal/weezing.gif,1.19 m,9.5 kg
111,111,Rhyhorn,http://www.serebii.net/pokemongo/pokemon/111.png,Ground,https://img.pokemondb.net/artwork/grimer.jpg,https://img.pokemondb.net/sprites/black-white/anim/normal/rhyhorn.gif,0.99 m,115.0 kg
112,112,Rhydon,http://www.serebii.net/pokemongo/pokemon/112.png,Ground,https://img.pokemondb.net/artwork/muk.jpg,https://img.pokemondb.net/sprites/black-white/anim/normal/rhydon.gif,1.91 m,120.0 kg
113,113,Chansey,http://www.serebii.net/pokemongo/pokemon/113.png,Normal,https://img.pokemondb.net/artwork/muk.jpg,https://img.pokemondb.net/sprites/black-white/anim/normal/chansey.gif,1.09 m,34.6 kg
114,114,Tangela,http://www.serebii.net/pokemongo/pokemon/114.png,Grass,https://img.pokemondb.net/artwork/shellder.jpg,https://img.pokemondb.net/sprites/black-white/anim/normal/tangela.gif,0.99 m,35.0 kg
115,115,Kangaskhan,http://www.serebii.net/pokemongo/pokemon/115.png,Normal,https://img.pokemondb.net/artwork/cloyster.jpg,https://img.pokemondb.net/sprites/black-white/anim/normal/kangaskhan.gif,2.21 m,80.0 kg
116,116,Horsea,http://www.serebii.net/pokemongo/pokemon/116.png,Water,https://img.pokemondb.net/artwork/gastly.jpg,https://img.pokemondb.net/sprites/black-white/anim/normal/horsea.gif,0.41 m,8.0 kg
117,117,Seadra,http://www.serebii.net/pokemongo/pokemon/117.png,Water,https://img.pokemondb.net/artwork/haunter.jpg,https://img.pokemondb.net/sprites/black-white/anim/normal/seadra.gif,1.19 m,25.0 kg
118,118,Goldeen,http://www.serebii.net/pokemongo/pokemon/118.png,Water,https://img.pokemondb.net/artwork/gengar.jpg,https://img.pokemondb.net/sprites/black-white/anim/normal/goldeen.gif,0.61 m,15.0 kg
119,119,Seaking,http://www.serebii.net/pokemongo/pokemon/119.png,Water,https://img.pokemondb.net/artwork/gengar.jpg,https://img.pokemondb.net/sprites/black-white/anim/normal/seaking.gif,1.30 m,39.0 kg
120,120,Staryu,http://www.serebii.net/pokemongo/pokemon/120.png,Water,https://img.pokemondb.net/artwork/onix.jpg,https://img.pokemondb.net/sprites/black-white/anim/normal/staryu.gif,0.79 m,34.5 kg
121,121,Starmie,http://www.serebii.net/pokemongo/pokemon/121.png,Water,https://img.pokemondb.net/artwork/drowzee.jpg,https://img.pokemondb.net/sprites/black-white/anim/normal/starmie.gif,1.09 m,80.0 kg
122,122,Mr. Mime,http://www.serebii.net/pokemongo/pokemon/122.png,Psychic,https://img.pokemondb.net/artwork/hypno.jpg,https://img.pokemondb.net/sprites/black-white/anim/normal/mr.-mime.gif,1.30 m,54.5 kg
123,123,Scyther,http://www.serebii.net/pokemongo/pokemon/123.png,Bug,https://img.pokemondb.net/artwork/krabby.jpg,https://img.pokemondb.net/sprites/black-white/anim/normal/scyther.gif,1.50 m,56.0 kg
124,124,Jynx,http://www.serebii.net/pokemongo/pokemon/124.png,Ice,https://img.pokemondb.net/artwork/kingler.jpg,https://img.pokemondb.net/sprites/black-white/anim/normal/jynx.gif,1.40 m,40.6 kg
125,125,Electabuzz,http://www.serebii.net/pokemongo/pokemon/125.png,Electric,https://img.pokemondb.net/artwork/voltorb.jpg,https://img.pokemondb.net/sprites/black-white/anim/normal/electabuzz.gif,1.09 m,30.0 kg
126,126,Magmar,http://www.serebii.net/pokemongo/pokemon/126.png,Fire,https://img.pokemondb.net/artwork/electrode.jpg,https://img.pokemondb.net/sprites/black-white/anim/normal/magmar.gif,1.30 m,44.5 kg
127,127,Pinsir,http://www.serebii.net/pokemongo/pokemon/127.png,Bug,https://img.pokemondb.net/artwork/exeggcute.jpg,https://img.pokemondb.net/sprites/black-white/anim/normal/pinsir.gif,1.50 m,55.0 kg
128,128,Tauros,http://www.serebii.net/pokemongo/pokemon/128.png,Normal,https://img.pokemondb.net/artwork/exeggutor.jpg,https://img.pokemondb.net/sprites/black-white/anim/normal/tauros.gif,1.40 m,88.4 kg
129,129,Magikarp,http://www.serebii.net/pokemongo/pokemon/129.png,Water,https://img.pokemondb.net/artwork/exeggutor.jpg,https://img.pokemondb.net/sprites/black-white/anim/normal/magikarp.gif,0.89 m,10.0 kg
130,130,Gyarados,http://www.serebii.net/pokemongo/pokemon/130.png,Water,https://img.pokemondb.net/artwork/cubone.jpg,https://img.pokemondb.net/sprites/black-white/anim/normal/gyarados.gif,6.50 m,235.0 kg
131,131,Lapras,http://www.serebii.net/pokemongo/pokemon/131.png,Water,https://img.pokemondb.net/artwork/marowak.jpg,https://img.pokemondb.net/sprites/black-white/anim/normal/lapras.gif,2.49 m,220.0 kg
132,132,Ditto,http://www.serebii.net/pokemongo/pokemon/132.png,Normal,https://img.pokemondb.net/artwork/marowak.jpg,https://img.pokemondb.net/sprites/black-white/anim/normal/ditto.gif,0.30 m,4.0 kg
133,133,Eevee,http://www.serebii.net/pokemongo/pokemon/133.png,Normal,https://img.pokemondb.net/artwork/hitmonlee.jpg,https://img.pokemondb.net/sprites/black-white/anim/normal/eevee.gif,0.30 m,6.5 kg
134,134,Vaporeon,http://www.serebii.net/pokemongo/pokemon/134.png,Water,https://img.pokemondb.net/artwork/hitmonchan.jpg,https://img.pokemondb.net/sprites/black-white/anim/normal/vaporeon.gif,0.99 m,29.0 kg
135,135,Jolteon,http://www.serebii.net/pokemongo/pokemon/135.png,Electric,https://img.pokemondb.net/artwork/lickitung.jpg,https://img.pokemondb.net/sprites/black-white/anim/normal/jolteon.gif,0.79 m,24.5 kg
136,136,Flareon,http://www.serebii.net/pokemongo/pokemon/136.png,Fire,https://img.pokemondb.net/artwork/koffing.jpg,https://img.pokemondb.net/sprites/black-white/anim/normal/flareon.gif,0.89 m,25.0 kg
137,137,Porygon,http://www.serebii.net/pokemongo/pokemon/137.png,Normal,https://img.pokemondb.net/artwork/weezing.jpg,https://img.pokemondb.net/sprites/black-white/anim/normal/porygon.gif,0.79 m,36.5 kg
138,138,Omanyte,http://www.serebii.net/pokemongo/pokemon/138.png,Rock,https://img.pokemondb.net/artwork/rhyhorn.jpg,https://img.pokemondb.net/sprites/black-white/anim/normal/omanyte.gif,0.41 m,7.5 kg
139,139,Omastar,http://www.serebii.net/pokemongo/pokemon/139.png,Rock,https://img.pokemondb.net/artwork/rhydon.jpg,https://img.pokemondb.net/sprites/black-white/anim/normal/omastar.gif,0.99 m,35.0 kg
140,140,Kabuto,http://www.serebii.net/pokemongo/pokemon/140.png,Rock,https://img.pokemondb.net/artwork/chansey.jpg,https://img.pokemondb.net/sprites/black-white/anim/normal/kabuto.gif,0.51 m,11.5 kg
141,141,Kabutops,http://www.serebii.net/pokemongo/pokemon/141.png,Rock,https://img.pokemondb.net/artwork/tangela.jpg,https://img.pokemondb.net/sprites/black-white/anim/normal/kabutops.gif,1.30 m,40.5 kg
142,142,Aerodactyl,http://www.serebii.net/pokemongo/pokemon/142.png,Rock,https://img.pokemondb.net/artwork/kangaskhan.jpg,https://img.pokemondb.net/sprites/black-white/anim/normal/aerodactyl.gif,1.80 m,59.0 kg
143,143,Snorlax,http://www.serebii.net/pokemongo/pokemon/143.png,Normal,https://img.pokemondb.net/artwork/kangaskhan.jpg,https://img.pokemondb.net/sprites/black-white/anim/normal/snorlax.gif,2.11 m,460.0 kg
144,144,Articuno,http://www.serebii.net/pokemongo/pokemon/144.png,Ice,https://img.pokemondb.net/artwork/horsea.jpg,https://img.pokemondb.net/sprites/black-white/anim/normal/articuno.gif,1.70 m,55.4 kg
145,145,Zapdos,http://www.serebii.net/pokemongo/pokemon/145.png,Electric,https://img.pokemondb.net/artwork/seadra.jpg,https://img.pokemondb.net/sprites/black-white/anim/normal/zapdos.gif,1.60 m,52.6 kg
146,146,Moltres,http://www.serebii.net/pokemongo/pokemon/146.png,Fire,https://img.pokemondb.net/artwork/goldeen.jpg,https://img.pokemondb.net/sprites/black-white/anim/normal/moltres.gif,2.01 m,60.0 kg
147,147,Dratini,http://www.serebii.net/pokemongo/pokemon/147.png,Dragon,https://img.pokemondb.net/artwork/seaking.jpg,https://img.pokemondb.net/sprites/black-white/anim/normal/dratini.gif,1.80 m,3.3 kg
148,148,Dragonair,http://www.serebii.net/pokemongo/pokemon/148.png,Dragon,https://img.pokemondb.net/artwork/staryu.jpg,https://img.pokemondb.net/sprites/black-white/anim/normal/dragonair.gif,3.99 m,16.5 kg
149,149,Dragonite,http://www.serebii.net/pokemongo/pokemon/149.png,Dragon,https://img.pokemondb.net/artwork/starmie.jpg,https://img.pokemondb.net/sprites/black-white/anim/normal/dragonite.gif,2.21 m,210.0 kg
150,150,Mewtwo,http://www.serebii.net/pokemongo/pokemon/150.png,Psychic,https://img.pokemondb.net/artwork/mr.-mime.jpg,https://img.pokemondb.net/sprites/black-white/anim/normal/mewtwo.gif,2.01 m,122.0 kg
151,151,Mew,http://www.serebii.net/pokemongo/pokemon/151.png,Psychic,https://img.pokemondb.net/artwork/scyther.jpg,https://img.pokemondb.net/sprites/black-white/anim/normal/mew.gif,0.41 m,4.0 kg
